-- 유저 샘플 데이터
INSERT INTO site_user (id, username, password, email, create_date, bio) VALUES
(1, 'admin',  '$2a$10$7EqJtq98hPqEX7fNZaFWoOhi5yhcXoZ4r9qS4UzQ5K1p8zZWDu9q', 'admin@example.com',  '2025-11-10 10:00:00', '관리자 계정입니다.'),
(2, 'qwer', '$2a$10$7EqJtq98hPqEX7fNZaFWoOhi5yhcXoZ4r9qS4UzQ5K1p8zZWDu9q', 'qwer@example.com', '2025-11-15 09:30:00', '백엔드와 스프링 공부 중입니다.'),
(3, 'guest',  '$2a$10$7EqJtq98hPqEX7fNZaFWoOhi5yhcXoZ4r9qS4UzQ5K1p8zZWDu9q', 'guest@example.com',  '2025-11-18 14:20:00', '게스트 사용자입니다.');



-- 질문 샘플 데이터
INSERT INTO question (id, subject, content, create_date, modify_date, author_id, view_count) VALUES
(1,
 '스프링 부트에서 JPA 지연 로딩 N+1 문제 어떻게 해결하나요?',
 '# 질문\n\n스프링 부트 + JPA 환경에서 지연 로딩 때문에 N+1 문제가 발생합니다.\n\n어떻게 튜닝하는 것이 좋을까요?\n\n- fetch join\n- EntityGraph\n- Batch size\n\n등을 고민 중입니다.',
 '2025-11-16 10:15:00',
 NULL,
 2,
 45
),
(2,
 'Spring Security에서 CSRF 설정을 어떻게 가져가는 것이 좋을까요?',
 '# 배경\n\n게시판 프로젝트에 Spring Security를 붙였는데, CSRF 때문에 폼 전송이 자꾸 막힙니다.\n\n로그인/로그아웃, 댓글, 추천 기능까지 고려했을 때, CSRF를 어떤 기준으로 켜고 끄는 것이 좋을까요?',
 '2025-11-16 11:00:00',
 NULL,
 2,
 32
),
(3,
 'MySQL 인덱스 설계 기준이 궁금합니다.',
 '실무용 게시판에서 어떤 컬럼에 인덱스를 두면 좋을지 궁금합니다.\n\n- title(제목)\n- create_date(생성일)\n- author_id(작성자)\n\n조합 인덱스를 어떻게 잡는 게 좋을까요?',
 '2025-11-17 09:20:00',
 NULL,
 1,
 18
),
(4,
 '타임리프에서 마크다운을 렌더링할 때 XSS는 어떻게 방어하나요?',
 '공통 유틸로 markdown을 HTML로 변환해서 보여주고 있는데,\n스크립트 인젝션 같은 걸 어떻게 막아야 할까요?',
 '2025-11-18 13:45:00',
 NULL,
 2,
 21
),
(5,
 '마이페이지 기능을 설계할 때 어떤 정보를 보여주면 좋을까요?',
 '사용자 입장에서 마이페이지에 있으면 좋은 정보, 경험 공유 부탁드립니다.\n\n지금은 작성한 질문/답변/댓글/추천 내역 + 프로필 정도를 생각 중입니다.',
 '2025-11-19 09:00:00',
 NULL,
 2,
 7
),
(6,
 '[샘플] Java 컬렉션 활용 방법 #6',
 '이 질문은 페이징 및 검색 기능 테스트를 위한 샘플 데이터입니다.\n\n- 샘플 질문 번호: 6\n- Java / Spring / JPA / DB 관련 키워드를 포함합니다.\n\n검색과 페이징 동작을 확인하는 용도로 사용할 수 있습니다.',
 '2025-11-10 08:00:00',
 NULL,
 3,
 15
),
(7,
 '[샘플] Spring Boot 의존성 관리 전략 #7',
 '이 질문은 페이징 및 검색 기능 테스트를 위한 샘플 데이터입니다.\n\n- 샘플 질문 번호: 7\n- Java / Spring / JPA / DB 관련 키워드를 포함합니다.\n\n검색과 페이징 동작을 확인하는 용도로 사용할 수 있습니다.',
 '2025-11-11 09:00:00',
 NULL,
 1,
 18
),
(8,
 '[샘플] JPA Entity 설계 시 주의할 점 #8',
 '이 질문은 페이징 및 검색 기능 테스트를 위한 샘플 데이터입니다.\n\n- 샘플 질문 번호: 8\n- Java / Spring / JPA / DB 관련 키워드를 포함합니다.\n\n검색과 페이징 동작을 확인하는 용도로 사용할 수 있습니다.',
 '2025-11-12 10:00:00',
 NULL,
 2,
 21
),
(9,
 '[샘플] 도메인 서비스와 애플리케이션 서비스 차이 #9',
 '이 질문은 페이징 및 검색 기능 테스트를 위한 샘플 데이터입니다.\n\n- 샘플 질문 번호: 9\n- Java / Spring / JPA / DB 관련 키워드를 포함합니다.\n\n검색과 페이징 동작을 확인하는 용도로 사용할 수 있습니다.',
 '2025-11-13 11:00:00',
 NULL,
 3,
 24
),
(10,
 '[샘플] 테스트 코드 작성 전략(JUnit / AssertJ) #10',
 '이 질문은 페이징 및 검색 기능 테스트를 위한 샘플 데이터입니다.\n\n- 샘플 질문 번호: 10\n- Java / Spring / JPA / DB 관련 키워드를 포함합니다.\n\n검색과 페이징 동작을 확인하는 용도로 사용할 수 있습니다.',
 '2025-11-14 12:00:00',
 NULL,
 1,
 27
),
(11,
 '[샘플] REST API 설계 베스트 프랙티스 #11',
 '이 질문은 페이징 및 검색 기능 테스트를 위한 샘플 데이터입니다.\n\n- 샘플 질문 번호: 11\n- Java / Spring / JPA / DB 관련 키워드를 포함합니다.\n\n검색과 페이징 동작을 확인하는 용도로 사용할 수 있습니다.',
 '2025-11-15 13:00:00',
 NULL,
 2,
 30
),
(12,
 '[샘플] 예외 처리와 공통 에러 응답 설계 #12',
 '이 질문은 페이징 및 검색 기능 테스트를 위한 샘플 데이터입니다.\n\n- 샘플 질문 번호: 12\n- Java / Spring / JPA / DB 관련 키워드를 포함합니다.\n\n검색과 페이징 동작을 확인하는 용도로 사용할 수 있습니다.',
 '2025-11-16 14:00:00',
 NULL,
 3,
 33
),
(13,
 '[샘플] 로그 전략과 로그 레벨 운영 기준 #13',
 '이 질문은 페이징 및 검색 기능 테스트를 위한 샘플 데이터입니다.\n\n- 샘플 질문 번호: 13\n- Java / Spring / JPA / DB 관련 키워드를 포함합니다.\n\n검색과 페이징 동작을 확인하는 용도로 사용할 수 있습니다.',
 '2025-11-17 15:00:00',
 NULL,
 1,
 36
),
(14,
 '[샘플] 프로파일(dev/prod) 분리 방법 #14',
 '이 질문은 페이징 및 검색 기능 테스트를 위한 샘플 데이터입니다.\n\n- 샘플 질문 번호: 14\n- Java / Spring / JPA / DB 관련 키워드를 포함합니다.\n\n검색과 페이징 동작을 확인하는 용도로 사용할 수 있습니다.',
 '2025-11-18 16:00:00',
 NULL,
 2,
 39
),
(15,
 '[샘플] 쿼리 최적화와 N+1 개선 경험 공유 #15',
 '이 질문은 페이징 및 검색 기능 테스트를 위한 샘플 데이터입니다.\n\n- 샘플 질문 번호: 15\n- Java / Spring / JPA / DB 관련 키워드를 포함합니다.\n\n검색과 페이징 동작을 확인하는 용도로 사용할 수 있습니다.',
 '2025-11-19 17:00:00',
 NULL,
 3,
 42
),
(16,
 '[샘플] Java 컬렉션 활용 방법 #16',
 '이 질문은 페이징 및 검색 기능 테스트를 위한 샘플 데이터입니다.\n\n- 샘플 질문 번호: 16\n- Java / Spring / JPA / DB 관련 키워드를 포함합니다.\n\n검색과 페이징 동작을 확인하는 용도로 사용할 수 있습니다.',
 '2025-11-10 08:00:00',
 NULL,
 2,
 45
),
(17,
 '[샘플] Spring Boot 의존성 관리 전략 #17',
 '이 질문은 페이징 및 검색 기능 테스트를 위한 샘플 데이터입니다.\n\n- 샘플 질문 번호: 17\n- Java / Spring / JPA / DB 관련 키워드를 포함합니다.\n\n검색과 페이징 동작을 확인하는 용도로 사용할 수 있습니다.',
 '2025-11-11 09:00:00',
 NULL,
 3,
 48
),
(18,
 '[샘플] JPA Entity 설계 시 주의할 점 #18',
 '이 질문은 페이징 및 검색 기능 테스트를 위한 샘플 데이터입니다.\n\n- 샘플 질문 번호: 18\n- Java / Spring / JPA / DB 관련 키워드를 포함합니다.\n\n검색과 페이징 동작을 확인하는 용도로 사용할 수 있습니다.',
 '2025-11-12 10:00:00',
 NULL,
 1,
 51
),
(19,
 '[샘플] 도메인 서비스와 애플리케이션 서비스 차이 #19',
 '이 질문은 페이징 및 검색 기능 테스트를 위한 샘플 데이터입니다.\n\n- 샘플 질문 번호: 19\n- Java / Spring / JPA / DB 관련 키워드를 포함합니다.\n\n검색과 페이징 동작을 확인하는 용도로 사용할 수 있습니다.',
 '2025-11-13 11:00:00',
 NULL,
 2,
 54
),
(20,
 '[샘플] 테스트 코드 작성 전략(JUnit / AssertJ) #20',
 '이 질문은 페이징 및 검색 기능 테스트를 위한 샘플 데이터입니다.\n\n- 샘플 질문 번호: 20\n- Java / Spring / JPA / DB 관련 키워드를 포함합니다.\n\n검색과 페이징 동작을 확인하는 용도로 사용할 수 있습니다.',
 '2025-11-14 12:00:00',
 NULL,
 3,
 57
),
(21,
 '[샘플] REST API 설계 베스트 프랙티스 #21',
 '이 질문은 페이징 및 검색 기능 테스트를 위한 샘플 데이터입니다.\n\n- 샘플 질문 번호: 21\n- Java / Spring / JPA / DB 관련 키워드를 포함합니다.\n\n검색과 페이징 동작을 확인하는 용도로 사용할 수 있습니다.',
 '2025-11-15 13:00:00',
 NULL,
 1,
 60
),
(22,
 '[샘플] 예외 처리와 공통 에러 응답 설계 #22',
 '이 질문은 페이징 및 검색 기능 테스트를 위한 샘플 데이터입니다.\n\n- 샘플 질문 번호: 22\n- Java / Spring / JPA / DB 관련 키워드를 포함합니다.\n\n검색과 페이징 동작을 확인하는 용도로 사용할 수 있습니다.',
 '2025-11-16 14:00:00',
 NULL,
 2,
 63
),
(23,
 '[샘플] 로그 전략과 로그 레벨 운영 기준 #23',
 '이 질문은 페이징 및 검색 기능 테스트를 위한 샘플 데이터입니다.\n\n- 샘플 질문 번호: 23\n- Java / Spring / JPA / DB 관련 키워드를 포함합니다.\n\n검색과 페이징 동작을 확인하는 용도로 사용할 수 있습니다.',
 '2025-11-17 15:00:00',
 NULL,
 3,
 66
),
(24,
 '[샘플] 프로파일(dev/prod) 분리 방법 #24',
 '이 질문은 페이징 및 검색 기능 테스트를 위한 샘플 데이터입니다.\n\n- 샘플 질문 번호: 24\n- Java / Spring / JPA / DB 관련 키워드를 포함합니다.\n\n검색과 페이징 동작을 확인하는 용도로 사용할 수 있습니다.',
 '2025-11-18 16:00:00',
 NULL,
 1,
 69
),
(25,
 '[샘플] 쿼리 최적화와 N+1 개선 경험 공유 #25',
 '이 질문은 페이징 및 검색 기능 테스트를 위한 샘플 데이터입니다.\n\n- 샘플 질문 번호: 25\n- Java / Spring / JPA / DB 관련 키워드를 포함합니다.\n\n검색과 페이징 동작을 확인하는 용도로 사용할 수 있습니다.',
 '2025-11-19 17:00:00',
 NULL,
 2,
 72
),
(26,
 '[샘플] Java 컬렉션 활용 방법 #26',
 '이 질문은 페이징 및 검색 기능 테스트를 위한 샘플 데이터입니다.\n\n- 샘플 질문 번호: 26\n- Java / Spring / JPA / DB 관련 키워드를 포함합니다.\n\n검색과 페이징 동작을 확인하는 용도로 사용할 수 있습니다.',
 '2025-11-10 08:00:00',
 NULL,
 3,
 75
),
(27,
 '[샘플] Spring Boot 의존성 관리 전략 #27',
 '이 질문은 페이징 및 검색 기능 테스트를 위한 샘플 데이터입니다.\n\n- 샘플 질문 번호: 27\n- Java / Spring / JPA / DB 관련 키워드를 포함합니다.\n\n검색과 페이징 동작을 확인하는 용도로 사용할 수 있습니다.',
 '2025-11-11 09:00:00',
 NULL,
 1,
 78
),
(28,
 '[샘플] JPA Entity 설계 시 주의할 점 #28',
 '이 질문은 페이징 및 검색 기능 테스트를 위한 샘플 데이터입니다.\n\n- 샘플 질문 번호: 28\n- Java / Spring / JPA / DB 관련 키워드를 포함합니다.\n\n검색과 페이징 동작을 확인하는 용도로 사용할 수 있습니다.',
 '2025-11-12 10:00:00',
 NULL,
 2,
 81
),
(29,
 '[샘플] 도메인 서비스와 애플리케이션 서비스 차이 #29',
 '이 질문은 페이징 및 검색 기능 테스트를 위한 샘플 데이터입니다.\n\n- 샘플 질문 번호: 29\n- Java / Spring / JPA / DB 관련 키워드를 포함합니다.\n\n검색과 페이징 동작을 확인하는 용도로 사용할 수 있습니다.',
 '2025-11-13 11:00:00',
 NULL,
 3,
 84
),
(30,
 '[샘플] 테스트 코드 작성 전략(JUnit / AssertJ) #30',
 '이 질문은 페이징 및 검색 기능 테스트를 위한 샘플 데이터입니다.\n\n- 샘플 질문 번호: 30\n- Java / Spring / JPA / DB 관련 키워드를 포함합니다.\n\n검색과 페이징 동작을 확인하는 용도로 사용할 수 있습니다.',
 '2025-11-14 12:00:00',
 NULL,
 2,
 87
),
(31,
 '[샘플] REST API 설계 베스트 프랙티스 #31',
 '이 질문은 페이징 및 검색 기능 테스트를 위한 샘플 데이터입니다.\n\n- 샘플 질문 번호: 31\n- Java / Spring / JPA / DB 관련 키워드를 포함합니다.\n\n검색과 페이징 동작을 확인하는 용도로 사용할 수 있습니다.',
 '2025-11-15 13:00:00',
 NULL,
 3,
 90
),
(32,
 '[샘플] 예외 처리와 공통 에러 응답 설계 #32',
 '이 질문은 페이징 및 검색 기능 테스트를 위한 샘플 데이터입니다.\n\n- 샘플 질문 번호: 32\n- Java / Spring / JPA / DB 관련 키워드를 포함합니다.\n\n검색과 페이징 동작을 확인하는 용도로 사용할 수 있습니다.',
 '2025-11-16 14:00:00',
 NULL,
 1,
 93
),
(33,
 '[샘플] 로그 전략과 로그 레벨 운영 기준 #33',
 '이 질문은 페이징 및 검색 기능 테스트를 위한 샘플 데이터입니다.\n\n- 샘플 질문 번호: 33\n- Java / Spring / JPA / DB 관련 키워드를 포함합니다.\n\n검색과 페이징 동작을 확인하는 용도로 사용할 수 있습니다.',
 '2025-11-17 15:00:00',
 NULL,
 2,
 96
),
(34,
 '[샘플] 프로파일(dev/prod) 분리 방법 #34',
 '이 질문은 페이징 및 검색 기능 테스트를 위한 샘플 데이터입니다.\n\n- 샘플 질문 번호: 34\n- Java / Spring / JPA / DB 관련 키워드를 포함합니다.\n\n검색과 페이징 동작을 확인하는 용도로 사용할 수 있습니다.',
 '2025-11-18 16:00:00',
 NULL,
 3,
 99
),
(35,
 '[샘플] 쿼리 최적화와 N+1 개선 경험 공유 #35',
 '이 질문은 페이징 및 검색 기능 테스트를 위한 샘플 데이터입니다.\n\n- 샘플 질문 번호: 35\n- Java / Spring / JPA / DB 관련 키워드를 포함합니다.\n\n검색과 페이징 동작을 확인하는 용도로 사용할 수 있습니다.',
 '2025-11-19 17:00:00',
 NULL,
 1,
 2
),
(36,
 '[샘플] Java 컬렉션 활용 방법 #36',
 '이 질문은 페이징 및 검색 기능 테스트를 위한 샘플 데이터입니다.\n\n- 샘플 질문 번호: 36\n- Java / Spring / JPA / DB 관련 키워드를 포함합니다.\n\n검색과 페이징 동작을 확인하는 용도로 사용할 수 있습니다.',
 '2025-11-10 08:00:00',
 NULL,
 2,
 5
),
(37,
 '[샘플] Spring Boot 의존성 관리 전략 #37',
 '이 질문은 페이징 및 검색 기능 테스트를 위한 샘플 데이터입니다.\n\n- 샘플 질문 번호: 37\n- Java / Spring / JPA / DB 관련 키워드를 포함합니다.\n\n검색과 페이징 동작을 확인하는 용도로 사용할 수 있습니다.',
 '2025-11-11 09:00:00',
 NULL,
 3,
 8
),
(38,
 '[샘플] JPA Entity 설계 시 주의할 점 #38',
 '이 질문은 페이징 및 검색 기능 테스트를 위한 샘플 데이터입니다.\n\n- 샘플 질문 번호: 38\n- Java / Spring / JPA / DB 관련 키워드를 포함합니다.\n\n검색과 페이징 동작을 확인하는 용도로 사용할 수 있습니다.',
 '2025-11-12 10:00:00',
 NULL,
 1,
 11
),
(39,
 '[샘플] 도메인 서비스와 애플리케이션 서비스 차이 #39',
 '이 질문은 페이징 및 검색 기능 테스트를 위한 샘플 데이터입니다.\n\n- 샘플 질문 번호: 39\n- Java / Spring / JPA / DB 관련 키워드를 포함합니다.\n\n검색과 페이징 동작을 확인하는 용도로 사용할 수 있습니다.',
 '2025-11-13 11:00:00',
 NULL,
 2,
 14
),
(40,
 '[샘플] 테스트 코드 작성 전략(JUnit / AssertJ) #40',
 '이 질문은 페이징 및 검색 기능 테스트를 위한 샘플 데이터입니다.\n\n- 샘플 질문 번호: 40\n- Java / Spring / JPA / DB 관련 키워드를 포함합니다.\n\n검색과 페이징 동작을 확인하는 용도로 사용할 수 있습니다.',
 '2025-11-14 12:00:00',
 NULL,
 3,
 17
),
(41,
 '[샘플] REST API 설계 베스트 프랙티스 #41',
 '이 질문은 페이징 및 검색 기능 테스트를 위한 샘플 데이터입니다.\n\n- 샘플 질문 번호: 41\n- Java / Spring / JPA / DB 관련 키워드를 포함합니다.\n\n검색과 페이징 동작을 확인하는 용도로 사용할 수 있습니다.',
 '2025-11-15 13:00:00',
 NULL,
 1,
 20
),
(42,
 '[샘플] 예외 처리와 공통 에러 응답 설계 #42',
 '이 질문은 페이징 및 검색 기능 테스트를 위한 샘플 데이터입니다.\n\n- 샘플 질문 번호: 42\n- Java / Spring / JPA / DB 관련 키워드를 포함합니다.\n\n검색과 페이징 동작을 확인하는 용도로 사용할 수 있습니다.',
 '2025-11-16 14:00:00',
 NULL,
 2,
 23
),
(43,
 '[샘플] 로그 전략과 로그 레벨 운영 기준 #43',
 '이 질문은 페이징 및 검색 기능 테스트를 위한 샘플 데이터입니다.\n\n- 샘플 질문 번호: 43\n- Java / Spring / JPA / DB 관련 키워드를 포함합니다.\n\n검색과 페이징 동작을 확인하는 용도로 사용할 수 있습니다.',
 '2025-11-17 15:00:00',
 NULL,
 3,
 26
),
(44,
 '[샘플] 프로파일(dev/prod) 분리 방법 #44',
 '이 질문은 페이징 및 검색 기능 테스트를 위한 샘플 데이터입니다.\n\n- 샘플 질문 번호: 44\n- Java / Spring / JPA / DB 관련 키워드를 포함합니다.\n\n검색과 페이징 동작을 확인하는 용도로 사용할 수 있습니다.',
 '2025-11-18 16:00:00',
 NULL,
 1,
 29
),
(45,
 '[샘플] 쿼리 최적화와 N+1 개선 경험 공유 #45',
 '이 질문은 페이징 및 검색 기능 테스트를 위한 샘플 데이터입니다.\n\n- 샘플 질문 번호: 45\n- Java / Spring / JPA / DB 관련 키워드를 포함합니다.\n\n검색과 페이징 동작을 확인하는 용도로 사용할 수 있습니다.',
 '2025-11-19 17:00:00',
 NULL,
 2,
 32
),
(46,
 '[샘플] Java 컬렉션 활용 방법 #46',
 '이 질문은 페이징 및 검색 기능 테스트를 위한 샘플 데이터입니다.\n\n- 샘플 질문 번호: 46\n- Java / Spring / JPA / DB 관련 키워드를 포함합니다.\n\n검색과 페이징 동작을 확인하는 용도로 사용할 수 있습니다.',
 '2025-11-10 08:00:00',
 NULL,
 3,
 35
),
(47,
 '[샘플] Spring Boot 의존성 관리 전략 #47',
 '이 질문은 페이징 및 검색 기능 테스트를 위한 샘플 데이터입니다.\n\n- 샘플 질문 번호: 47\n- Java / Spring / JPA / DB 관련 키워드를 포함합니다.\n\n검색과 페이징 동작을 확인하는 용도로 사용할 수 있습니다.',
 '2025-11-11 09:00:00',
 NULL,
 1,
 38
),
(48,
 '[샘플] JPA Entity 설계 시 주의할 점 #48',
 '이 질문은 페이징 및 검색 기능 테스트를 위한 샘플 데이터입니다.\n\n- 샘플 질문 번호: 48\n- Java / Spring / JPA / DB 관련 키워드를 포함합니다.\n\n검색과 페이징 동작을 확인하는 용도로 사용할 수 있습니다.',
 '2025-11-12 10:00:00',
 NULL,
 2,
 41
),
(49,
 '[샘플] 도메인 서비스와 애플리케이션 서비스 차이 #49',
 '이 질문은 페이징 및 검색 기능 테스트를 위한 샘플 데이터입니다.\n\n- 샘플 질문 번호: 49\n- Java / Spring / JPA / DB 관련 키워드를 포함합니다.\n\n검색과 페이징 동작을 확인하는 용도로 사용할 수 있습니다.',
 '2025-11-13 11:00:00',
 NULL,
 3,
 44
),
(50,
 '[샘플] 테스트 코드 작성 전략(JUnit / AssertJ) #50',
 '이 질문은 페이징 및 검색 기능 테스트를 위한 샘플 데이터입니다.\n\n- 샘플 질문 번호: 50\n- Java / Spring / JPA / DB 관련 키워드를 포함합니다.\n\n검색과 페이징 동작을 확인하는 용도로 사용할 수 있습니다.',
 '2025-11-14 12:00:00',
 NULL,
 1,
 47
),
(51,
 '[샘플] REST API 설계 베스트 프랙티스 #51',
 '이 질문은 페이징 및 검색 기능 테스트를 위한 샘플 데이터입니다.\n\n- 샘플 질문 번호: 51\n- Java / Spring / JPA / DB 관련 키워드를 포함합니다.\n\n검색과 페이징 동작을 확인하는 용도로 사용할 수 있습니다.',
 '2025-11-15 13:00:00',
 NULL,
 2,
 50
),
(52,
 '[샘플] 예외 처리와 공통 에러 응답 설계 #52',
 '이 질문은 페이징 및 검색 기능 테스트를 위한 샘플 데이터입니다.\n\n- 샘플 질문 번호: 52\n- Java / Spring / JPA / DB 관련 키워드를 포함합니다.\n\n검색과 페이징 동작을 확인하는 용도로 사용할 수 있습니다.',
 '2025-11-16 14:00:00',
 NULL,
 3,
 53
),
(53,
 '[샘플] 로그 전략과 로그 레벨 운영 기준 #53',
 '이 질문은 페이징 및 검색 기능 테스트를 위한 샘플 데이터입니다.\n\n- 샘플 질문 번호: 53\n- Java / Spring / JPA / DB 관련 키워드를 포함합니다.\n\n검색과 페이징 동작을 확인하는 용도로 사용할 수 있습니다.',
 '2025-11-17 15:00:00',
 NULL,
 1,
 56
),
(54,
 '[샘플] 프로파일(dev/prod) 분리 방법 #54',
 '이 질문은 페이징 및 검색 기능 테스트를 위한 샘플 데이터입니다.\n\n- 샘플 질문 번호: 54\n- Java / Spring / JPA / DB 관련 키워드를 포함합니다.\n\n검색과 페이징 동작을 확인하는 용도로 사용할 수 있습니다.',
 '2025-11-18 16:00:00',
 NULL,
 2,
 59
),
(55,
 '[샘플] 쿼리 최적화와 N+1 개선 경험 공유 #55',
 '이 질문은 페이징 및 검색 기능 테스트를 위한 샘플 데이터입니다.\n\n- 샘플 질문 번호: 55\n- Java / Spring / JPA / DB 관련 키워드를 포함합니다.\n\n검색과 페이징 동작을 확인하는 용도로 사용할 수 있습니다.',
 '2025-11-19 17:00:00',
 NULL,
 3,
 62
),
(56,
 '[샘플] Java 컬렉션 활용 방법 #56',
 '이 질문은 페이징 및 검색 기능 테스트를 위한 샘플 데이터입니다.\n\n- 샘플 질문 번호: 56\n- Java / Spring / JPA / DB 관련 키워드를 포함합니다.\n\n검색과 페이징 동작을 확인하는 용도로 사용할 수 있습니다.',
 '2025-11-10 08:00:00',
 NULL,
 1,
 65
),
(57,
 '[샘플] Spring Boot 의존성 관리 전략 #57',
 '이 질문은 페이징 및 검색 기능 테스트를 위한 샘플 데이터입니다.\n\n- 샘플 질문 번호: 57\n- Java / Spring / JPA / DB 관련 키워드를 포함합니다.\n\n검색과 페이징 동작을 확인하는 용도로 사용할 수 있습니다.',
 '2025-11-11 09:00:00',
 NULL,
 2,
 68
),
(58,
 '[샘플] JPA Entity 설계 시 주의할 점 #58',
 '이 질문은 페이징 및 검색 기능 테스트를 위한 샘플 데이터입니다.\n\n- 샘플 질문 번호: 58\n- Java / Spring / JPA / DB 관련 키워드를 포함합니다.\n\n검색과 페이징 동작을 확인하는 용도로 사용할 수 있습니다.',
 '2025-11-12 10:00:00',
 NULL,
 3,
 71
),
(59,
 '[샘플] 도메인 서비스와 애플리케이션 서비스 차이 #59',
 '이 질문은 페이징 및 검색 기능 테스트를 위한 샘플 데이터입니다.\n\n- 샘플 질문 번호: 59\n- Java / Spring / JPA / DB 관련 키워드를 포함합니다.\n\n검색과 페이징 동작을 확인하는 용도로 사용할 수 있습니다.',
 '2025-11-13 11:00:00',
 NULL,
 1,
 74
),
(60,
 '[샘플] 테스트 코드 작성 전략(JUnit / AssertJ) #60',
 '이 질문은 페이징 및 검색 기능 테스트를 위한 샘플 데이터입니다.\n\n- 샘플 질문 번호: 60\n- Java / Spring / JPA / DB 관련 키워드를 포함합니다.\n\n검색과 페이징 동작을 확인하는 용도로 사용할 수 있습니다.',
 '2025-11-14 12:00:00',
 NULL,
 2,
 77
),
(61,
 '[샘플] REST API 설계 베스트 프랙티스 #61',
 '이 질문은 페이징 및 검색 기능 테스트를 위한 샘플 데이터입니다.\n\n- 샘플 질문 번호: 61\n- Java / Spring / JPA / DB 관련 키워드를 포함합니다.\n\n검색과 페이징 동작을 확인하는 용도로 사용할 수 있습니다.',
 '2025-11-15 13:00:00',
 NULL,
 3,
 80
),
(62,
 '[샘플] 예외 처리와 공통 에러 응답 설계 #62',
 '이 질문은 페이징 및 검색 기능 테스트를 위한 샘플 데이터입니다.\n\n- 샘플 질문 번호: 62\n- Java / Spring / JPA / DB 관련 키워드를 포함합니다.\n\n검색과 페이징 동작을 확인하는 용도로 사용할 수 있습니다.',
 '2025-11-16 14:00:00',
 NULL,
 1,
 83
),
(63,
 '[샘플] 로그 전략과 로그 레벨 운영 기준 #63',
 '이 질문은 페이징 및 검색 기능 테스트를 위한 샘플 데이터입니다.\n\n- 샘플 질문 번호: 63\n- Java / Spring / JPA / DB 관련 키워드를 포함합니다.\n\n검색과 페이징 동작을 확인하는 용도로 사용할 수 있습니다.',
 '2025-11-17 15:00:00',
 NULL,
 2,
 86
),
(64,
 '[샘플] 프로파일(dev/prod) 분리 방법 #64',
 '이 질문은 페이징 및 검색 기능 테스트를 위한 샘플 데이터입니다.\n\n- 샘플 질문 번호: 64\n- Java / Spring / JPA / DB 관련 키워드를 포함합니다.\n\n검색과 페이징 동작을 확인하는 용도로 사용할 수 있습니다.',
 '2025-11-18 16:00:00',
 NULL,
 3,
 89
),
(65,
 '[샘플] 쿼리 최적화와 N+1 개선 경험 공유 #65',
 '이 질문은 페이징 및 검색 기능 테스트를 위한 샘플 데이터입니다.\n\n- 샘플 질문 번호: 65\n- Java / Spring / JPA / DB 관련 키워드를 포함합니다.\n\n검색과 페이징 동작을 확인하는 용도로 사용할 수 있습니다.',
 '2025-11-19 17:00:00',
 NULL,
 1,
 92
),
(66,
 '[샘플] Java 컬렉션 활용 방법 #66',
 '이 질문은 페이징 및 검색 기능 테스트를 위한 샘플 데이터입니다.\n\n- 샘플 질문 번호: 66\n- Java / Spring / JPA / DB 관련 키워드를 포함합니다.\n\n검색과 페이징 동작을 확인하는 용도로 사용할 수 있습니다.',
 '2025-11-10 08:00:00',
 NULL,
 2,
 95
),
(67,
 '[샘플] Spring Boot 의존성 관리 전략 #67',
 '이 질문은 페이징 및 검색 기능 테스트를 위한 샘플 데이터입니다.\n\n- 샘플 질문 번호: 67\n- Java / Spring / JPA / DB 관련 키워드를 포함합니다.\n\n검색과 페이징 동작을 확인하는 용도로 사용할 수 있습니다.',
 '2025-11-11 09:00:00',
 NULL,
 3,
 98
),
(68,
 '[샘플] JPA Entity 설계 시 주의할 점 #68',
 '이 질문은 페이징 및 검색 기능 테스트를 위한 샘플 데이터입니다.\n\n- 샘플 질문 번호: 68\n- Java / Spring / JPA / DB 관련 키워드를 포함합니다.\n\n검색과 페이징 동작을 확인하는 용도로 사용할 수 있습니다.',
 '2025-11-12 10:00:00',
 NULL,
 1,
 1
),
(69,
 '[샘플] 도메인 서비스와 애플리케이션 서비스 차이 #69',
 '이 질문은 페이징 및 검색 기능 테스트를 위한 샘플 데이터입니다.\n\n- 샘플 질문 번호: 69\n- Java / Spring / JPA / DB 관련 키워드를 포함합니다.\n\n검색과 페이징 동작을 확인하는 용도로 사용할 수 있습니다.',
 '2025-11-13 11:00:00',
 NULL,
 2,
 4
),
(70,
 '[샘플] 테스트 코드 작성 전략(JUnit / AssertJ) #70',
 '이 질문은 페이징 및 검색 기능 테스트를 위한 샘플 데이터입니다.\n\n- 샘플 질문 번호: 70\n- Java / Spring / JPA / DB 관련 키워드를 포함합니다.\n\n검색과 페이징 동작을 확인하는 용도로 사용할 수 있습니다.',
 '2025-11-14 12:00:00',
 NULL,
 3,
 7
),
(71,
 '[샘플] REST API 설계 베스트 프랙티스 #71',
 '이 질문은 페이징 및 검색 기능 테스트를 위한 샘플 데이터입니다.\n\n- 샘플 질문 번호: 71\n- Java / Spring / JPA / DB 관련 키워드를 포함합니다.\n\n검색과 페이징 동작을 확인하는 용도로 사용할 수 있습니다.',
 '2025-11-15 13:00:00',
 NULL,
 1,
 10
),
(72,
 '[샘플] 예외 처리와 공통 에러 응답 설계 #72',
 '이 질문은 페이징 및 검색 기능 테스트를 위한 샘플 데이터입니다.\n\n- 샘플 질문 번호: 72\n- Java / Spring / JPA / DB 관련 키워드를 포함합니다.\n\n검색과 페이징 동작을 확인하는 용도로 사용할 수 있습니다.',
 '2025-11-16 14:00:00',
 NULL,
 2,
 13
),
(73,
 '[샘플] 로그 전략과 로그 레벨 운영 기준 #73',
 '이 질문은 페이징 및 검색 기능 테스트를 위한 샘플 데이터입니다.\n\n- 샘플 질문 번호: 73\n- Java / Spring / JPA / DB 관련 키워드를 포함합니다.\n\n검색과 페이징 동작을 확인하는 용도로 사용할 수 있습니다.',
 '2025-11-17 15:00:00',
 NULL,
 3,
 16
),
(74,
 '[샘플] 프로파일(dev/prod) 분리 방법 #74',
 '이 질문은 페이징 및 검색 기능 테스트를 위한 샘플 데이터입니다.\n\n- 샘플 질문 번호: 74\n- Java / Spring / JPA / DB 관련 키워드를 포함합니다.\n\n검색과 페이징 동작을 확인하는 용도로 사용할 수 있습니다.',
 '2025-11-18 16:00:00',
 NULL,
 1,
 19
),
(75,
 '[샘플] 쿼리 최적화와 N+1 개선 경험 공유 #75',
 '이 질문은 페이징 및 검색 기능 테스트를 위한 샘플 데이터입니다.\n\n- 샘플 질문 번호: 75\n- Java / Spring / JPA / DB 관련 키워드를 포함합니다.\n\n검색과 페이징 동작을 확인하는 용도로 사용할 수 있습니다.',
 '2025-11-19 17:00:00',
 NULL,
 2,
 22
),
(76,
 '[샘플] Java 컬렉션 활용 방법 #76',
 '이 질문은 페이징 및 검색 기능 테스트를 위한 샘플 데이터입니다.\n\n- 샘플 질문 번호: 76\n- Java / Spring / JPA / DB 관련 키워드를 포함합니다.\n\n검색과 페이징 동작을 확인하는 용도로 사용할 수 있습니다.',
 '2025-11-10 08:00:00',
 NULL,
 3,
 25
),
(77,
 '[샘플] Spring Boot 의존성 관리 전략 #77',
 '이 질문은 페이징 및 검색 기능 테스트를 위한 샘플 데이터입니다.\n\n- 샘플 질문 번호: 77\n- Java / Spring / JPA / DB 관련 키워드를 포함합니다.\n\n검색과 페이징 동작을 확인하는 용도로 사용할 수 있습니다.',
 '2025-11-11 09:00:00',
 NULL,
 1,
 28
),
(78,
 '[샘플] JPA Entity 설계 시 주의할 점 #78',
 '이 질문은 페이징 및 검색 기능 테스트를 위한 샘플 데이터입니다.\n\n- 샘플 질문 번호: 78\n- Java / Spring / JPA / DB 관련 키워드를 포함합니다.\n\n검색과 페이징 동작을 확인하는 용도로 사용할 수 있습니다.',
 '2025-11-12 10:00:00',
 NULL,
 2,
 31
),
(79,
 '[샘플] 도메인 서비스와 애플리케이션 서비스 차이 #79',
 '이 질문은 페이징 및 검색 기능 테스트를 위한 샘플 데이터입니다.\n\n- 샘플 질문 번호: 79\n- Java / Spring / JPA / DB 관련 키워드를 포함합니다.\n\n검색과 페이징 동작을 확인하는 용도로 사용할 수 있습니다.',
 '2025-11-13 11:00:00',
 NULL,
 3,
 34
),
(80,
 '[샘플] 테스트 코드 작성 전략(JUnit / AssertJ) #80',
 '이 질문은 페이징 및 검색 기능 테스트를 위한 샘플 데이터입니다.\n\n- 샘플 질문 번호: 80\n- Java / Spring / JPA / DB 관련 키워드를 포함합니다.\n\n검색과 페이징 동작을 확인하는 용도로 사용할 수 있습니다.',
 '2025-11-14 12:00:00',
 NULL,
 2,
 37
),
(81,
 '[샘플] REST API 설계 베스트 프랙티스 #81',
 '이 질문은 페이징 및 검색 기능 테스트를 위한 샘플 데이터입니다.\n\n- 샘플 질문 번호: 81\n- Java / Spring / JPA / DB 관련 키워드를 포함합니다.\n\n검색과 페이징 동작을 확인하는 용도로 사용할 수 있습니다.',
 '2025-11-15 13:00:00',
 NULL,
 3,
 40
),
(82,
 '[샘플] 예외 처리와 공통 에러 응답 설계 #82',
 '이 질문은 페이징 및 검색 기능 테스트를 위한 샘플 데이터입니다.\n\n- 샘플 질문 번호: 82\n- Java / Spring / JPA / DB 관련 키워드를 포함합니다.\n\n검색과 페이징 동작을 확인하는 용도로 사용할 수 있습니다.',
 '2025-11-16 14:00:00',
 NULL,
 1,
 43
),
(83,
 '[샘플] 로그 전략과 로그 레벨 운영 기준 #83',
 '이 질문은 페이징 및 검색 기능 테스트를 위한 샘플 데이터입니다.\n\n- 샘플 질문 번호: 83\n- Java / Spring / JPA / DB 관련 키워드를 포함합니다.\n\n검색과 페이징 동작을 확인하는 용도로 사용할 수 있습니다.',
 '2025-11-17 15:00:00',
 NULL,
 2,
 46
),
(84,
 '[샘플] 프로파일(dev/prod) 분리 방법 #84',
 '이 질문은 페이징 및 검색 기능 테스트를 위한 샘플 데이터입니다.\n\n- 샘플 질문 번호: 84\n- Java / Spring / JPA / DB 관련 키워드를 포함합니다.\n\n검색과 페이징 동작을 확인하는 용도로 사용할 수 있습니다.',
 '2025-11-18 16:00:00',
 NULL,
 3,
 49
),
(85,
 '[샘플] 쿼리 최적화와 N+1 개선 경험 공유 #85',
 '이 질문은 페이징 및 검색 기능 테스트를 위한 샘플 데이터입니다.\n\n- 샘플 질문 번호: 85\n- Java / Spring / JPA / DB 관련 키워드를 포함합니다.\n\n검색과 페이징 동작을 확인하는 용도로 사용할 수 있습니다.',
 '2025-11-19 17:00:00',
 NULL,
 1,
 52
),
(86,
 '[샘플] Java 컬렉션 활용 방법 #86',
 '이 질문은 페이징 및 검색 기능 테스트를 위한 샘플 데이터입니다.\n\n- 샘플 질문 번호: 86\n- Java / Spring / JPA / DB 관련 키워드를 포함합니다.\n\n검색과 페이징 동작을 확인하는 용도로 사용할 수 있습니다.',
 '2025-11-10 08:00:00',
 NULL,
 2,
 55
),
(87,
 '[샘플] Spring Boot 의존성 관리 전략 #87',
 '이 질문은 페이징 및 검색 기능 테스트를 위한 샘플 데이터입니다.\n\n- 샘플 질문 번호: 87\n- Java / Spring / JPA / DB 관련 키워드를 포함합니다.\n\n검색과 페이징 동작을 확인하는 용도로 사용할 수 있습니다.',
 '2025-11-11 09:00:00',
 NULL,
 3,
 58
),
(88,
 '[샘플] JPA Entity 설계 시 주의할 점 #88',
 '이 질문은 페이징 및 검색 기능 테스트를 위한 샘플 데이터입니다.\n\n- 샘플 질문 번호: 88\n- Java / Spring / JPA / DB 관련 키워드를 포함합니다.\n\n검색과 페이징 동작을 확인하는 용도로 사용할 수 있습니다.',
 '2025-11-12 10:00:00',
 NULL,
 1,
 61
),
(89,
 '[샘플] 도메인 서비스와 애플리케이션 서비스 차이 #89',
 '이 질문은 페이징 및 검색 기능 테스트를 위한 샘플 데이터입니다.\n\n- 샘플 질문 번호: 89\n- Java / Spring / JPA / DB 관련 키워드를 포함합니다.\n\n검색과 페이징 동작을 확인하는 용도로 사용할 수 있습니다.',
 '2025-11-13 11:00:00',
 NULL,
 2,
 64
),
(90,
 '[샘플] 테스트 코드 작성 전략(JUnit / AssertJ) #90',
 '이 질문은 페이징 및 검색 기능 테스트를 위한 샘플 데이터입니다.\n\n- 샘플 질문 번호: 90\n- Java / Spring / JPA / DB 관련 키워드를 포함합니다.\n\n검색과 페이징 동작을 확인하는 용도로 사용할 수 있습니다.',
 '2025-11-14 12:00:00',
 NULL,
 3,
 67
),
(91,
 '[샘플] REST API 설계 베스트 프랙티스 #91',
 '이 질문은 페이징 및 검색 기능 테스트를 위한 샘플 데이터입니다.\n\n- 샘플 질문 번호: 91\n- Java / Spring / JPA / DB 관련 키워드를 포함합니다.\n\n검색과 페이징 동작을 확인하는 용도로 사용할 수 있습니다.',
 '2025-11-15 13:00:00',
 NULL,
 1,
 70
),
(92,
 '[샘플] 예외 처리와 공통 에러 응답 설계 #92',
 '이 질문은 페이징 및 검색 기능 테스트를 위한 샘플 데이터입니다.\n\n- 샘플 질문 번호: 92\n- Java / Spring / JPA / DB 관련 키워드를 포함합니다.\n\n검색과 페이징 동작을 확인하는 용도로 사용할 수 있습니다.',
 '2025-11-16 14:00:00',
 NULL,
 2,
 73
),
(93,
 '[샘플] 로그 전략과 로그 레벨 운영 기준 #93',
 '이 질문은 페이징 및 검색 기능 테스트를 위한 샘플 데이터입니다.\n\n- 샘플 질문 번호: 93\n- Java / Spring / JPA / DB 관련 키워드를 포함합니다.\n\n검색과 페이징 동작을 확인하는 용도로 사용할 수 있습니다.',
 '2025-11-17 15:00:00',
 NULL,
 3,
 76
),
(94,
 '[샘플] 프로파일(dev/prod) 분리 방법 #94',
 '이 질문은 페이징 및 검색 기능 테스트를 위한 샘플 데이터입니다.\n\n- 샘플 질문 번호: 94\n- Java / Spring / JPA / DB 관련 키워드를 포함합니다.\n\n검색과 페이징 동작을 확인하는 용도로 사용할 수 있습니다.',
 '2025-11-18 16:00:00',
 NULL,
 1,
 79
),
(95,
 '[샘플] 쿼리 최적화와 N+1 개선 경험 공유 #95',
 '이 질문은 페이징 및 검색 기능 테스트를 위한 샘플 데이터입니다.\n\n- 샘플 질문 번호: 95\n- Java / Spring / JPA / DB 관련 키워드를 포함합니다.\n\n검색과 페이징 동작을 확인하는 용도로 사용할 수 있습니다.',
 '2025-11-19 17:00:00',
 NULL,
 2,
 82
),
(96,
 '[샘플] Java 컬렉션 활용 방법 #96',
 '이 질문은 페이징 및 검색 기능 테스트를 위한 샘플 데이터입니다.\n\n- 샘플 질문 번호: 96\n- Java / Spring / JPA / DB 관련 키워드를 포함합니다.\n\n검색과 페이징 동작을 확인하는 용도로 사용할 수 있습니다.',
 '2025-11-10 08:00:00',
 NULL,
 3,
 85
),
(97,
 '[샘플] Spring Boot 의존성 관리 전략 #97',
 '이 질문은 페이징 및 검색 기능 테스트를 위한 샘플 데이터입니다.\n\n- 샘플 질문 번호: 97\n- Java / Spring / JPA / DB 관련 키워드를 포함합니다.\n\n검색과 페이징 동작을 확인하는 용도로 사용할 수 있습니다.',
 '2025-11-11 09:00:00',
 NULL,
 1,
 88
),
(98,
 '[샘플] JPA Entity 설계 시 주의할 점 #98',
 '이 질문은 페이징 및 검색 기능 테스트를 위한 샘플 데이터입니다.\n\n- 샘플 질문 번호: 98\n- Java / Spring / JPA / DB 관련 키워드를 포함합니다.\n\n검색과 페이징 동작을 확인하는 용도로 사용할 수 있습니다.',
 '2025-11-12 10:00:00',
 NULL,
 2,
 91
),
(99,
 '[샘플] 도메인 서비스와 애플리케이션 서비스 차이 #99',
 '이 질문은 페이징 및 검색 기능 테스트를 위한 샘플 데이터입니다.\n\n- 샘플 질문 번호: 99\n- Java / Spring / JPA / DB 관련 키워드를 포함합니다.\n\n검색과 페이징 동작을 확인하는 용도로 사용할 수 있습니다.',
 '2025-11-13 11:00:00',
 NULL,
 3,
 94
),
(100,
 '[샘플] 테스트 코드 작성 전략(JUnit / AssertJ) #100',
 '이 질문은 페이징 및 검색 기능 테스트를 위한 샘플 데이터입니다.\n\n- 샘플 질문 번호: 100\n- Java / Spring / JPA / DB 관련 키워드를 포함합니다.\n\n검색과 페이징 동작을 확인하는 용도로 사용할 수 있습니다.',
 '2025-11-14 12:00:00',
 NULL,
 2,
 97
),
(101,
 '[샘플] REST API 설계 베스트 프랙티스 #101',
 '이 질문은 페이징 및 검색 기능 테스트를 위한 샘플 데이터입니다.\n\n- 샘플 질문 번호: 101\n- Java / Spring / JPA / DB 관련 키워드를 포함합니다.\n\n검색과 페이징 동작을 확인하는 용도로 사용할 수 있습니다.',
 '2025-11-15 13:00:00',
 NULL,
 3,
 0
),
(102,
 '[샘플] 예외 처리와 공통 에러 응답 설계 #102',
 '이 질문은 페이징 및 검색 기능 테스트를 위한 샘플 데이터입니다.\n\n- 샘플 질문 번호: 102\n- Java / Spring / JPA / DB 관련 키워드를 포함합니다.\n\n검색과 페이징 동작을 확인하는 용도로 사용할 수 있습니다.',
 '2025-11-16 14:00:00',
 NULL,
 1,
 3
),
(103,
 '[샘플] 로그 전략과 로그 레벨 운영 기준 #103',
 '이 질문은 페이징 및 검색 기능 테스트를 위한 샘플 데이터입니다.\n\n- 샘플 질문 번호: 103\n- Java / Spring / JPA / DB 관련 키워드를 포함합니다.\n\n검색과 페이징 동작을 확인하는 용도로 사용할 수 있습니다.',
 '2025-11-17 15:00:00',
 NULL,
 2,
 6
),
(104,
 '[샘플] 프로파일(dev/prod) 분리 방법 #104',
 '이 질문은 페이징 및 검색 기능 테스트를 위한 샘플 데이터입니다.\n\n- 샘플 질문 번호: 104\n- Java / Spring / JPA / DB 관련 키워드를 포함합니다.\n\n검색과 페이징 동작을 확인하는 용도로 사용할 수 있습니다.',
 '2025-11-18 16:00:00',
 NULL,
 3,
 9
),
(105,
 '[샘플] 쿼리 최적화와 N+1 개선 경험 공유 #105',
 '이 질문은 페이징 및 검색 기능 테스트를 위한 샘플 데이터입니다.\n\n- 샘플 질문 번호: 105\n- Java / Spring / JPA / DB 관련 키워드를 포함합니다.\n\n검색과 페이징 동작을 확인하는 용도로 사용할 수 있습니다.',
 '2025-11-19 17:00:00',
 NULL,
 3,
 12
);




-- 답변 샘플 데이터
INSERT INTO answer (id, content, create_date, modify_date, question_id, author_id) VALUES
(1,
 'N+1 문제는 보통 **fetch join** 또는 **EntityGraph**로 많이 해결합니다.\n\n조회 전용 쿼리에서는 Dto로 바로 뽑는 것도 고려해보세요.',
 '2025-11-16 12:00:00',
 NULL,
 1,
 1
),
(2,
 '또한 컬렉션에 `@BatchSize`를 설정하면, N+1을 완전히 없애진 못해도 쿼리 수를 크게 줄일 수 있습니다.',
 '2025-11-16 13:10:00',
 NULL,
 1,
 3
),
(3,
 'CSRF는 **폼 기반 POST 요청**에는 유지하고, API 스타일인 경우에는 토큰 기반 인증과 함께 비활성화하기도 합니다.\n\n지금처럼 게시판/로그인/댓글 위주라면 기본 설정을 따르되, GET/HEAD/TRACE/OPTIONS만 허용하는 방향이 좋습니다.',
 '2025-11-16 11:30:00',
 NULL,
 2,
 1
),
(4,
 '개발 단계에서는 일단 CSRF를 꺼두고, 기능이 어느 정도 안정화되면 다시 켜고 하나씩 CSRF 토큰을 붙여가는 방식도 실무에서 자주 사용합니다.',
 '2025-11-16 11:50:00',
 NULL,
 2,
 2
),
(5,
 '제목 + 작성일 + 작성자 조합 인덱스를 고려해볼 수 있습니다.\n\n하지만 실제 쿼리 패턴을 먼저 분석하고, `EXPLAIN` 결과를 보면서 조정하는 게 안전합니다.',
 '2025-11-17 11:00:00',
 NULL,
 3,
 1
),
(6,
 '마크다운 렌더링 결과를 한 번 더 sanitizer(예: Jsoup)로 필터링해서, 스크립트 관련 태그를 제거하는 것이 좋습니다.',
 '2025-11-18 14:10:00',
 NULL,
 4,
 1
),
(7,
 '마이페이지에는 **최근 활동(질문/답변/댓글)**, **가입 후 경과일**, **추천한 글 목록**이 있으면 개인 대시보드 느낌이 나서 좋습니다.',
 '2025-11-19 10:10:00',
 NULL,
 5,
 3
),
(8,
 '추가로, 비밀번호 변경/이메일 변경/자기소개 편집 정도까지 있으면 대부분의 유스케이스는 커버됩니다.',
 '2025-11-19 10:30:00',
 NULL,
 5,
 2
);



-- 댓글 샘플 데이터 (최상위 + 대댓글)

-- Q1 / A1에 달린 댓글들
INSERT INTO comment (id, content, create_date, modify_date, author_id, answer_id, parent_id) VALUES
(1,
 'fetch join 예시는 어떤 식으로 작성하는지 궁금합니다.',
 '2025-11-16 12:30:00',
 NULL,
 2,
 1,
 NULL
),
(2,
 'BatchSize는 전역 설정이랑 개별 설정 중에 어떤 걸 추천하시나요?',
 '2025-11-16 12:40:00',
 NULL,
 3,
 1,
 NULL
),
-- (1번 댓글의 대댓글)
(3,
 '간단한 예시는 `select q from Question q join fetch q.answerList` 이런 식으로 시작하시면 됩니다.',
 '2025-11-16 12:50:00',
 NULL,
 1,
 1,
 1
),

-- Q2 / A3에 달린 댓글들
(4,
 'CSRF를 완전히 끄는 건 위험하겠죠?',
 '2025-11-16 11:55:00',
 NULL,
 2,
 3,
 NULL
),
(5,
 '내부망/개인 프로젝트라면 잠깐 끄고 개발해도 되지만, 외부에 공개될 서비스라면 꼭 다시 켜두는 걸 추천드립니다.',
 '2025-11-16 12:05:00',
 NULL,
 1,
 3,
 4
),

-- Q4 / A6에 달린 댓글들
(6,
 'Jsoup으로 허용 태그만 whitelisting 하는 방식이 좋아 보이네요.',
 '2025-11-18 14:30:00',
 NULL,
 2,
 6,
 NULL
),

-- Q5 / A7, A8에 달린 댓글들
(7,
 '마이페이지에 “내가 쓴 댓글이 달린 질문들”도 있으면 좋을 것 같아요.',
 '2025-11-19 10:40:00',
 NULL,
 2,
 7,
 NULL
),
(8,
 '좋은 아이디어네요. activity feed 같은 느낌으로 확장해볼 수 있겠어요.',
 '2025-11-19 10:50:00',
 NULL,
 1,
 7,
 7
),
(9,
 '임시 비밀번호 발급/비밀번호 변경 UI까지 구현해두셨다면 충분히 실서비스 느낌 납니다.',
 '2025-11-19 11:00:00',
 NULL,
 3,
 8,
 NULL
);
